{"losses": [421.15418097376823, 237.72107249498367, 213.4092088341713], "training_time": 324.5903043746948}